{"cameraMode":{"drawMode":0,"name":"Shaded","section":"Shading Mode"},"sceneLighting":true,"audioPlay":false,"sceneViewState":{"showFog":false,"showMaterialUpdate":false,"showSkybox":false,"showFlares":false,"showImageEffects":false,"showParticleSystems":false},"in2DMode":false,"pivot":{"x":3.1940841674804689,"y":429.269775390625,"z":347.6976623535156},"rotation":{"x":0.7414291501045227,"y":-0.015694431960582734,"z":0.017351435497403146,"w":0.670623242855072},"size":63.115997314453128,"orthographic":true}