{"cameraMode":{"drawMode":0,"name":"Shaded","section":"Shading Mode"},"sceneLighting":false,"audioPlay":false,"sceneViewState":{"showFog":true,"showMaterialUpdate":false,"showSkybox":true,"showFlares":true,"showImageEffects":true,"showParticleSystems":true},"in2DMode":false,"pivot":{"x":0.9192113876342773,"y":0.7393293380737305,"z":12.550000190734864},"rotation":{"x":-0.10443897545337677,"y":0.46958115696907046,"z":-0.05605550855398178,"w":-0.8748965263366699},"size":2.8578836917877199,"orthographic":false}